method,n,EN,MI,SD,SF,AG,SSIM,MS_SSIM,Qabf,VIF,SSIM_hm,MS_SSIM_hm,Qabf_hm,VIF_hm,MI_hm,Nabf,SCD,CC,PSNR,Balance,MI_A,MI_B,SSIM_A,SSIM_B,FuncCorr,FuncSal
CDDFuse,50.0,6.603305512035063,4.921301674688496,42.00529744950962,11.044554438528872,4.1363109792082176,0.7145051020720546,0.7593842887965796,0.6805363479388495,0.0971362426667662,0.6229016155497116,0.6957279474929007,0.4189388025960198,0.0416932626296439,1.260024213915144,0.1107110061994926,1.6566649729281562,0.6063460183788252,19.87977401800782,0.5603096263777079,3.766318270319284,1.1549834043692115,0.8760428009550298,0.5529674031890793,0.4525796372290266,0.7901707452609569
DenseFuse,50.0,6.3735853287793445,3.8610726096851935,37.06156839490732,9.117068370263706,3.306634697437961,0.7384427595820455,0.7716927537863151,0.6331297670546672,0.0745563744480267,0.6712883229424602,0.7211346649914729,0.4155433295037994,0.04145683589264,1.2121942904117369,0.0164057818918819,1.380124542847588,0.5978688345573356,22.416646266504515,0.6233870566968716,2.8055311761980084,1.0555414334871855,0.8814418867572777,0.595443632406813,0.4688301366845875,0.7739104087957039
IFCNN,50.0,6.336132064077881,2.87631982778471,34.08839275556045,11.53482203521924,4.443278515716712,0.7221512707392544,0.783129441418081,0.6166414463638809,0.0539413043951647,0.6625186482443469,0.7458510917711338,0.4753496914665319,0.0365875381746065,0.9759621335838328,0.1316881771523269,1.5260448933768862,0.6291073434287039,24.420637669385098,0.6307001440132379,2.0520003293693843,0.8243194984153255,0.8486976298655594,0.5956049116129496,0.4605555374168201,0.8992396712764659
SwinFusion,50.0,6.52415591424477,4.728202266283509,41.36378307870564,10.492375195184822,3.8290186967209614,0.7254428493457415,0.7661172038549418,0.6556655785442292,0.0885413055219539,0.6340965074331946,0.7019939396154813,0.3663306260311024,0.0329737703221986,1.0008959272574192,0.0629136553285346,1.697514993777354,0.6021190524540834,20.087147611504,0.5569563082862645,4.063708907646772,0.6644933586367355,0.929179154605718,0.5217065440857651,0.4345437250195273,0.7067849906814068
TarDAL,50.0,6.377579810773541,2.60070887737259,36.20158370038296,10.193131752660944,4.037812309569869,0.4951886672686699,0.7271018789093024,0.4225760840892036,0.0409569632255991,0.430974217690929,0.697492964203468,0.3503278682261552,0.0300693155610903,0.8827823429468854,0.1759191906675327,1.5397633539240372,0.6366426785398773,14.487953347624874,0.557129040859965,1.8787353593455125,0.7219735180270775,0.6228069353440542,0.367570399193286,0.604185617082229,1.1232893342015118
LP,50.0,6.224777368892757,1.873794153598585,30.670977019952897,11.071987957079063,4.3686722184492615,0.6956638954694669,0.756841559159451,0.628328284482385,0.0527152865871061,0.6612812565378866,0.7313803001911333,0.4857443338388829,0.0372239506981106,0.6918128861558747,0.1311025111561154,1.387643203553384,0.6267165189658619,26.85898983778683,0.7019632421415293,1.3237785246816571,0.5500156289169275,0.7917695324351455,0.5995582585037884,0.5107979139649629,0.939467296628647
DWT,50.0,5.933008048253994,2.1813368315146984,23.83924593370784,9.63212064441227,3.991216037143404,0.7181874511548685,0.7966812493688061,0.4717816822508234,0.0399035625836131,0.6920396930813046,0.7877315890095404,0.3917719264136826,0.03124952270396,0.8075579727802927,0.1094312477632392,1.2541285574823022,0.6562123689844341,36.36508909544826,0.7371032546916169,1.5448866585530276,0.6364501729616705,0.7961759184552721,0.640198983854465,0.4764883842201179,1.072193292251846
PIAFusion,50.0,6.466084926191513,4.554657817600156,41.11935472931853,10.958003091917094,4.131853389304135,0.7058121695150815,0.7612690173882173,0.6779425136024386,0.0860564676301627,0.6172919883970421,0.6990543025804008,0.4440336601020175,0.0372831786092613,1.1006637235504235,0.0928420365811412,1.6213668167145456,0.6020967847353621,19.56761459969018,0.5641219252861865,3.6166676022359816,0.9379902153641752,0.8677679197915625,0.5438564192386004,0.4291599843723619,0.7553698279183202
DTCWT,50.0,6.079346413783124,1.940455700209473,26.92148262395777,10.670433365174183,4.1875403926492405,0.7078058590366194,0.7806127798748119,0.6110717007502805,0.0478939304287058,0.6716821944881365,0.761777873888725,0.4598881912766531,0.0331596239336997,0.7020500264157722,0.1164558025441069,1.2984443681529216,0.6361297655951812,30.39122519045057,0.6982098123204526,1.3880623659472422,0.5523933342622306,0.8045236675711892,0.6110880505020497,0.4765739488713483,0.9733917606093192
GTF,50.0,5.365599264887502,1.62839911625296,17.533305620208754,6.7159076798691215,2.611337961114821,0.6646678438058633,0.7524692860361941,0.357485375662038,0.0391693755041725,0.6428496670702987,0.7152784162214093,0.2424484776849007,0.0268726539335714,0.6796174495554941,0.0299132233954623,0.6750076192883954,0.5473055627417417,20.22106955321332,0.724580557113083,0.5047047483858371,1.1236943678671227,0.5606158001378632,0.7687198874738632,0.8372307224316455,2.045792311322464
NSCT*,50.0,6.173196438928406,1.923856912119548,29.568786017090268,10.73282141592571,4.170487927752828,0.6975709542949662,0.7566488143586122,0.6025988590359161,0.0501086494071591,0.6627704157653963,0.7313313318668883,0.4528347920707485,0.0345423478697316,0.6992032975446114,0.0786074712148331,1.3287907171234905,0.6196063069912593,27.334102301518712,0.6994866540893377,1.3729416939421353,0.5509152181774128,0.7932548382086239,0.6018870703813083,0.4938179846904545,0.9086655708643988
LRRNet,50.0,6.109160593451911,2.9353136535772224,31.14712567701338,8.140054537415727,2.929441730396633,0.6087995936870795,0.720887967697866,0.4133396541722587,0.0459515823974693,0.5232759645617984,0.6530465416894577,0.0938508643837252,0.0264762812441789,0.9275931202776172,0.0462799635630938,0.7397527955302107,0.5154556199827405,21.16580104197101,0.5457535824508095,2.315405026193911,0.6199086273833112,0.804754528665292,0.4128446587088668,0.3109409825855617,0.2000367214863254
DATFuse,50.0,6.378603626017704,3.8511270445064936,35.40153457592152,10.477832813514738,4.124530403941105,0.6197744671986724,0.7530020926197857,0.6312634386225077,0.0693816740590737,0.5253526233677062,0.7001661731135229,0.4428237111626748,0.0391634757365733,1.2121389013304873,0.1030452073843724,1.4168585627232952,0.6052346124508289,17.61251890204566,0.5386411867955492,2.82143467602806,1.0296923684784332,0.7719848344218544,0.4675640999754901,0.4374845570357473,0.8086399350360027
U2Fusion,50.0,4.882006650868196,1.9606922427817224,19.495487459754848,6.845511507278856,2.420992664620277,0.6886451197966414,0.7822033563860835,0.3278534538491562,0.0379662388671004,0.6817505380726872,0.7806265454613996,0.2775138508541819,0.030785760318939,0.7832676469268618,0.0275227535874211,1.0534549940572209,0.6543140476334226,27.5654774856794,0.8545014930821594,1.2149001619688682,0.7457920808128543,0.7017267280152754,0.6755635115780073,0.5087781975880188,1.1858850676242425
RFN-Nest,50.0,6.096669683330744,2.446530743127105,28.308997210410347,5.878440599361098,2.1337233332310857,0.7106417294938745,0.792496447796004,0.381688896926605,0.0461062589303944,0.684744807181942,0.7792828513572277,0.1951269380161531,0.0299186998665577,0.8921271472823701,0.0229073365137049,1.4900119839654038,0.6698595526964931,29.955397006494387,0.7238609108529451,1.8040439231928915,0.6424868199342132,0.8243167130840476,0.5969667459037014,0.4516732072840672,1.1589932317502192
SeAFusion,50.0,6.590123801163414,3.983007414441715,41.62748688383336,10.902616431689124,4.112396081786791,0.7183130173417008,0.7652980564765042,0.668140480949305,0.0726595361632452,0.6416496220776264,0.7093446272084108,0.4692062795708462,0.0395055716106814,1.1535059947543085,0.1223862978466352,1.725001866126278,0.6155855593970516,20.26052015315945,0.5943537806139237,3.017565272892639,0.9654421415490752,0.8681710966215018,0.5684549380619,0.4603861561968956,0.8307233598644091
MURF,50.0,5.179648124089698,1.3622206455336276,18.31939050494341,12.169952832843627,4.750257237410652,0.5542914041229774,0.7456374685805194,0.3409410999588371,0.0264377754061035,0.5315422733172892,0.7440433609167634,0.3050938004861037,0.0213449714205149,0.5748898603936873,0.1855980582227239,0.8945926497079836,0.6030991580568255,22.35978843539997,0.7312394429281559,0.7342030076137135,0.6280176379199142,0.5890221884634409,0.5195606197825139,0.5318233493082345,1.2067390023782492
DDFM,50.0,6.089905212901374,2.356878671712025,28.53677893637167,6.357548358975111,2.391563765825333,0.7041486010471343,0.7867922394202492,0.3160578994201101,0.0355754991996229,0.6761944618189375,0.7709230476358817,0.264125700412819,0.029313608701278,0.9214246933931324,0.0763043696789739,1.4457095529112387,0.6607963800372418,29.98128470054724,0.7460344515777214,1.6674717379836212,0.689406933728404,0.8026763708745248,0.6056208312197435,0.4820649848724073,1.084224255540206
Ours-MoE,50.0,3.93595321583675,2.527764877475505,9.726466603744688,2.695137599888095,0.9862483978793752,0.6445848858001618,0.7413591488033737,0.1007978653126181,0.0367502730117235,0.5998631200259408,0.6844279930560695,0.0316832954968478,0.013487179335208,0.5925738079225465,0.0045922023906519,0.2687602313919083,0.5599133371945314,20.53105307103443,0.6454437063970961,0.3510027151253392,2.1767621623501663,0.4992118959342956,0.7899578756660278,0.94575842674603,2.202350612035012
R1mf32,50.0,5.212209392586772,3.539754016551816,14.504873272547638,3.6282072539307695,1.3519173076577695,0.5285713439391411,0.7278545727413561,0.0875121162998219,0.0570838236416993,0.4819381610917885,0.7175895755733748,0.0631371975447809,0.0244324296297957,0.8165089104295195,0.0033779214316944,0.6332627954621429,0.5693067036389244,18.93383974310713,0.6157283038124998,2.9835527190271818,0.5562012975246337,0.6393291135859028,0.4178135742923793,0.1749729892009953,0.5517845065326347
R1mf48,50.0,5.558747444258429,3.5107073433410285,32.30877413331878,8.036101370658821,2.647150712470625,0.589257228571205,0.7494433307715379,0.4207463899473926,0.0546876360058737,0.5064035156753893,0.6998713316321808,0.128290156446891,0.0268348562634208,0.9835107654769468,0.0227371862810595,1.0983277264098197,0.5741785717197112,17.99712598409467,0.5601252213839656,2.6243501939917,0.8863571493493282,0.7462972385566973,0.432217218585713,0.243318702663615,0.6485550878294716
R1orig48,50.0,3.963028287146975,2.418640620516086,7.553910697422724,2.895748162934301,1.216364938692348,0.5695598887471397,0.7092873309068082,0.0832874458869188,0.0402116514703135,0.5448109884909345,0.6591635391125762,0.0262098314898262,0.0130659831774878,0.5687357530044838,0.0073882860860501,0.0477133342873156,0.4646544064537301,19.23054044180252,0.7264434194825493,0.3428833567877228,2.0757572637283634,0.4794360667916434,0.6596837107026358,0.9303773856815362,1.968155485236449
R1mf64,50.0,4.661251203038099,3.312683812747608,12.623681697863717,3.298962805542566,1.1249491226268902,0.5699585498019653,0.7293421694535085,0.0582351027636714,0.0514428689613786,0.5448900476836138,0.7255321762696181,0.0440681497410972,0.0224913683287877,0.7745255170463501,0.0010972679144652,0.5644986532551425,0.5710821518635922,22.48005415759876,0.712952971400913,2.7592787529568783,0.5534050597907297,0.6418827307300929,0.4980343688738375,0.1531010833049,0.5974545461933577
B2oc48hi,50.0,5.417785983676442,3.372297046345304,28.64288643380285,6.32413733991249,2.0260198282866826,0.6515085476486122,0.7631830651359016,0.3316421265230497,0.0524735341686724,0.5936417015777785,0.7215118172741031,0.0874919985011902,0.0248525432212878,0.8623936777696524,0.010140554270809,0.958537378049306,0.561294781094759,22.93770813858146,0.6238083277702051,2.771971144154365,0.6003259021909387,0.787983226971118,0.5150338683261068,0.1671761097136617,0.5133279391847598
B2shared48,50.0,5.660604860672795,3.507293484057548,25.722005540141467,5.8267015072416415,2.037884530282433,0.6676932520610886,0.7710043942495086,0.3626368264472169,0.0596532409844291,0.6064855680645598,0.7311711558604981,0.1143746623124564,0.0277027401736018,0.8916977833273674,0.0045666144776578,0.9273281176702852,0.5754996028244874,24.29191743819024,0.6172755265748099,2.8798996708890745,0.6273938131684739,0.8075888787361849,0.5277976253859923,0.1905592369202439,0.5575400135029901
B2oc48,50.0,5.32536100644102,3.2871035009208134,23.3214635384434,5.298136348524347,1.834622778659701,0.6950435399089343,0.7735286734587283,0.2733200191583673,0.0551734427269029,0.6631859254971312,0.748203433681815,0.1008134267900161,0.0267236341075732,0.8767851273120332,0.0033372868835301,0.9087283276976292,0.585105144514516,29.666095413730982,0.7150419165002156,2.6122035026408126,0.6748999982800005,0.7873541777392796,0.602732902078589,0.2519283845885111,0.625815858501812
Wsh8,50.0,5.576099730639348,3.0330209124230434,20.324615496466244,5.765054271940942,2.150111180048479,0.54927577118458,0.744403182086391,0.3097751050014901,0.047581392466472,0.4981803742799354,0.732106701496565,0.2045884538843365,0.0306414840610664,1.0517279343409194,0.0148986329052192,0.9765057532386492,0.6217571139027102,19.454514591845854,0.6190993929177008,1.828218470866373,1.2048024415566707,0.6568619361501198,0.4416896062190404,0.4205309129819042,1.0897326109536671
Wsh8_64,50.0,5.95644697842925,3.6867425106546143,27.42626609435214,6.616954521654841,2.461051669319546,0.668249444685519,0.7764891334029436,0.4819383792681609,0.0633307712131584,0.6031418841721419,0.7419165387710219,0.2435652415775147,0.0310006355914016,0.9971878583144828,0.0057003956627673,1.1461330829532488,0.6035686866472139,23.130997413192635,0.6059867847067444,2.9280712970855003,0.7586712135691143,0.8030894410664906,0.5334094483045472,0.3270482259726437,0.7522124737288578
Wmoe8,50.0,5.946836778896977,3.6782408655353738,24.726658366224527,6.455597626406971,2.3846149243897106,0.5179943224423639,0.7416189242155675,0.4273752513263125,0.0585786922299658,0.4321703081784084,0.7022673132092581,0.1545408164584684,0.0238183179406024,0.8340637164935562,0.0170653829801894,0.9900851608436732,0.5786753385651596,15.4286712167875,0.5177919928325901,3.1124404250675624,0.5658004404678121,0.6744914686940578,0.36149717619067,0.258132243242504,0.5769252665962145
Wsh10,50.0,5.285211447220857,3.6031688556479895,18.401377892797488,4.864530150058365,1.7752236674144326,0.6172089329294974,0.7572909764659687,0.2161680745450857,0.0580475936680266,0.578403741105031,0.7446247347569752,0.1330698329736496,0.0310894094925787,1.0501046351421346,0.0031357109874581,0.8708262256028224,0.6104523703998836,24.98751734705901,0.6733067174061995,2.675627179232525,0.9275416764154644,0.7046095156518537,0.529808350207141,0.4034277356970827,0.8579631200751008
M4fine,50.0,5.723566266314687,4.447190461321181,25.759152119981444,6.394902372354888,2.21989078927377,0.6232830200176498,0.7571937677030605,0.4561748291277417,0.0743773858098388,0.545044727928027,0.7093388976428986,0.082284075090482,0.0197241217472447,0.7718146539255061,0.0029872783773061,0.8458257991303237,0.5511606880206876,20.98407318600699,0.5575115177461566,3.992846132709392,0.4543443286117883,0.7929087742986711,0.4536572657366285,0.1531490922536886,0.3897338500692449
M4det,50.0,5.677179489863208,3.718803389704176,33.08218360305612,6.976213809240025,2.3842793050105344,0.6284370358314836,0.7491924013118104,0.4167059732293315,0.0564418403389044,0.5356608414553912,0.6806345740853698,0.0920342463562559,0.0227027555427122,0.8543599837760774,0.0196106127804256,1.0010572364830597,0.5568994972998083,19.244565995391024,0.5459738108504366,3.1328850090477016,0.5859183806564741,0.8043116062809611,0.4525624653820059,0.2422928116929019,0.4556252852064937
M4info,50.0,5.396744082402526,3.765246562053732,23.215561070277943,6.3189753176104935,2.0378131137465205,0.5913260178995088,0.7535949436966765,0.3357083454705696,0.0602720399872746,0.5308514818312531,0.7253401923837933,0.0812961252489703,0.0225520464074133,0.8424096340580237,0.00480768812858,0.8521874923446374,0.5610802399837302,21.14944183384357,0.587874541553104,3.208580628571978,0.5566659334817539,0.732866898270168,0.4497851375288496,0.1547646377427773,0.4999514233268239
BALavg,50.0,5.165017191833516,3.050565681771913,19.34087193514108,5.0891407319816455,1.7793684179605722,0.6200866500121116,0.7537437758964213,0.2497932584573658,0.0483373279303873,0.5811527016147413,0.7355196926911765,0.094291300554111,0.0226429698355733,0.7901643466461914,0.00640139039199,0.7580174086310012,0.5670246989700068,25.32495767992376,0.6654247376401196,2.52573451576062,0.5248311660112934,0.7260126012168755,0.5141606988073477,0.1417028346020988,0.514608829347091
BALfid,50.0,5.444704571871211,4.086860778730802,25.360636036689307,6.160754584781887,2.0846521421132875,0.683027140401171,0.7615852166151069,0.3961477942594896,0.0632028438064448,0.6256000775934162,0.7155395723094387,0.0702442734643252,0.017003282145457,0.7051935980236902,0.0024872776883367,0.7657373461765493,0.5327799487477966,26.14156019852211,0.6234944914249514,3.672121875708088,0.4147389030227142,0.837205704247486,0.5288485765548558,0.0862926041409988,0.3062328937019913
BALbal,50.0,5.086721721588555,3.4216718120218723,21.57787952469559,4.997018270010565,1.6464530598747895,0.6491162861587801,0.7555971935989787,0.2437157824491552,0.0539382107455153,0.6083227236171791,0.7279823522467003,0.0705456032216682,0.0239027331751021,0.8360049496165642,0.0040858433015779,0.7581606874792347,0.5536192427028955,26.31961454632455,0.67255842382358,2.87691979190336,0.5447520201185122,0.7604724546603046,0.5377601176572558,0.1504159129246233,0.4425437839885018
BLbal,50.0,5.961958946917364,2.559377174829487,27.59769567966477,7.030949808830874,2.7196165419495224,0.7387186807335503,0.7941927021940774,0.4524392269498832,0.0501929662461493,0.7021008940148628,0.7661966030991687,0.2601726246903548,0.0323378146556528,0.8542830154945504,0.0166831610231993,1.221789365848033,0.6204863484733625,31.10871452756781,0.7160363963326916,1.9364331888731583,0.6229439859563285,0.8596825986410269,0.6177547628260736,0.2529890132208173,0.8067803303851542
BLmax,50.0,6.30812226757608,4.404576642577777,38.13764422053444,9.727990314791576,3.342656768384818,0.7218476969009519,0.7690196006653807,0.5962239475047302,0.0844946875807505,0.6247837665010293,0.6931347780907113,0.1831238192595969,0.0281261727046435,0.9626317714534808,0.0201778367627798,1.3279429813283048,0.5664435340022077,21.287719637510204,0.550327614816724,3.713932206653135,0.6906444359246415,0.9217177243616496,0.5219776694402541,0.1502883152395747,0.5202913033182
BLinfo,50.0,6.412472094185321,3.862769826685847,38.9504348919586,10.00686287408026,3.635743973638191,0.7171654002378754,0.7652983001606662,0.6224702662170819,0.0758171113991039,0.6290809480696405,0.697631371514648,0.2836090736726343,0.0292823343516195,0.9451708518259044,0.0427139277616909,1.481156642493734,0.5876199363404608,22.01054891792709,0.5744872710180364,2.9811783363829103,0.8815914903029367,0.8707972157997135,0.5635335846760376,0.2875601667196167,0.735903879952744
BL2qf,50.0,6.440068879342975,5.656480635498299,39.89621455577369,10.08185800371072,3.5349663410715,0.715005346264517,0.7565398066073672,0.6394923908916225,0.1225260324501216,0.6041440297617904,0.6675598725248308,0.1821753070073728,0.0275215883262695,0.9829856411656096,0.0196057183681343,1.1483834205564711,0.5496319431704993,20.185194522933184,0.5048334112444182,4.867607754655827,0.7888728808424704,0.926117044517042,0.5038936480119919,0.1288392211197984,0.4323656597600679
BL2r10,50.0,6.374330201551844,5.6595016364108925,40.473684756743246,10.016558539825493,3.401178190752722,0.7056939073657434,0.7494148876651997,0.6040447345685455,0.1239321041551398,0.5883140013822434,0.6524310032251533,0.0837652489395766,0.0164237711514579,0.747295522994062,0.0195081426989263,1.13146923506372,0.5320912556233317,19.584565214285583,0.4761102178608128,5.250627253795695,0.4088743826151971,0.962125420162983,0.4492623945685041,0.0893833133474089,0.285148068690403
BL2r05,50.0,6.4027332780224,5.3359154491512735,40.01731712804981,9.979486782406449,3.432247037783096,0.7064049907274237,0.7531613519903496,0.6028641132363709,0.1097832814392668,0.594217932925933,0.6606370657868059,0.1129050886114936,0.0216850930820644,0.8271572180223332,0.0180403600426966,1.169600394789435,0.542899301367221,19.85023632910536,0.5063252293825922,4.8464795593786985,0.4894358897725742,0.940719102088616,0.4720908793662315,0.1068514540785406,0.3648653207427529
BL2r00,50.0,6.453840457545339,5.5817597691919385,40.3214720685784,10.077885853392036,3.5558108069917207,0.7222707094379125,0.7582833375252572,0.6386976170839849,0.1477037274966987,0.6101633475754749,0.6700738293338476,0.1765676095494949,0.0258211328331938,0.9378134002338746,0.0130561635417148,1.3867984212236362,0.5558993165314619,20.490963314559064,0.5023891154077602,4.820407461647482,0.7613523075444563,0.9386084492522304,0.5059329696235944,0.1598147772104068,0.4893947756843427
TGsb,50.0,6.244923811389123,4.302030903145106,37.82239554356349,9.365431277925278,3.127386418545283,0.7354983925576168,0.768935798573528,0.5774070748928195,0.0810881343870582,0.6384016873969959,0.6936737348789218,0.1192038199060871,0.0199127607806643,0.756499247965637,0.0081204885284223,1.2375500755595474,0.5476826205107274,21.51260570867048,0.5050004271400561,3.876377915573414,0.4256529875716919,0.9781063721700388,0.4928904129451943,0.1035880225990325,0.3718355427984802
TGexp,50.0,6.48648413799525,5.581907950998342,40.69123956041904,10.24164249026287,3.6267896703370495,0.7196630466474067,0.7574657809558236,0.6482907728630823,0.1459753740472931,0.6110935528739915,0.6723656511406816,0.2080446109832284,0.0296216403863438,1.0163501164035886,0.0231779774960663,1.4062665825238707,0.5589515728689364,20.069003065801773,0.5106250877433,4.739504787194722,0.8424031638036191,0.9252497478804276,0.514076345414386,0.174513386865224,0.5268423736987387
TGn1,50.0,6.447457754035443,4.703063242822569,39.37811936410049,10.078680890730954,3.581855296499381,0.7265671315242046,0.7660183099114782,0.6389000427484472,0.0880088439808284,0.6284958542859785,0.6945232305892772,0.2654136195982006,0.0305870676705578,1.0605002577878226,0.031450411028251,1.4541831547817494,0.5771779627274563,20.84472375051196,0.5471037197638482,3.834300940726885,0.8687623020956845,0.9146069058989684,0.5385273571494411,0.2402851393990183,0.6613048715435766
89,,,,,,,,,,,,,,,,,,,,,,,,,,
TGsm,50.0,6.4902150773508005,4.9316871496595205,40.18264732207562,10.213149239933626,3.6672622905499455,0.719982528407737,0.7590828008695324,0.6525099256771884,0.0986521801543005,0.6255883883262265,0.6833416810485317,0.3334375386119583,0.0441683142012038,1.3351142328403116,0.042758915972251,1.4308774956350965,0.5728708120541771,20.27716242643909,0.5599220860907226,3.758820740466879,1.1728664091926404,0.8937505340766188,0.5462145227388548,0.1998770690171876,0.6293183030596855
TGn2,50.0,6.42004083537731,5.343347992798721,40.46600737415572,10.018564712030685,3.443058828624121,0.7170469053297144,0.7529020526522929,0.6036130546303741,0.1223555758720634,0.5986507288145916,0.6579555417533133,0.1013337376061764,0.0187921745102118,0.7721646503528361,0.0178879415084788,1.2999182306357526,0.5387326195904228,20.149218397430666,0.4659709082447449,4.896957791326862,0.4463902014718598,0.9783089357372518,0.4557848749221769,0.0865284816949842,0.3368276563522587
V2grad,50.0,6.50697732919846,4.344917549566565,38.87718723580316,9.830087725370849,3.671438616394044,0.7159302038175355,0.7618991973159562,0.6360050800038638,0.0761602835583661,0.63373545175279,0.7075471835633192,0.4059907685319379,0.0415255862593035,1.32036336744313,0.0427617377233385,1.5299395309383996,0.603725047613163,20.700023591836363,0.5811793964583505,3.2928376432769744,1.0520799062895905,0.8770784887848757,0.5547819188501957,0.4181510281371128,0.7985413754961536
V2ds,50.0,6.523882844519805,4.226532504003464,40.21251016759507,10.42483835951715,3.863803231322331,0.713530919150129,0.7612147636849723,0.6148490417579107,0.0682710846902165,0.6295748765391278,0.7054541038919081,0.3813425099441336,0.0362529708405717,1.2277887688136166,0.0788283152699659,1.5908156996933729,0.605245876912224,20.23256516572575,0.5763126345067596,3.220989242120893,1.005543261882571,0.8775934085020546,0.5494684297982032,0.4315211251083135,0.8159079617053004
V2main,50.0,6.554741775688521,5.142963321178327,40.31268771359931,10.076956888003323,3.6551106944279534,0.711769067949856,0.7567427676138857,0.6314461219815207,0.1414228130734007,0.6190829452679694,0.6926244032355986,0.3065348268034467,0.0341873747118449,1.081135987054077,0.035479789408991,1.5372254416862046,0.5938785748904283,20.22261126253944,0.5531270984293936,4.450675575565425,0.6922877456128995,0.9147221394962284,0.5088159964034837,0.3810261629061565,0.7355395622669643
Fdsgr,50.0,6.468534377155555,5.601125744106229,40.43276060227584,10.170086913484145,3.571611490895423,0.7176143362909552,0.7540129326594887,0.6351858085471579,0.1802688522909104,0.6054653850488605,0.6635834638889506,0.1776849596702349,0.0271367365116576,0.9337775157360586,0.0144941486790114,1.2744087889377615,0.5448284930343585,20.0686093596014,0.4964092165550825,4.941730545298875,0.6593951988073536,0.9420892253466372,0.4931394472352732,0.0808892333517713,0.4170767828266446
Gmi,50.0,6.461947765486356,5.342831356874152,40.44470861502609,10.166011170297349,3.598833103045817,0.721970199958236,0.7585805262720559,0.6379893153655753,0.1209634773130217,0.6185641739293568,0.6747933942346365,0.2320215879542882,0.0322448656725811,1.0737521451895684,0.0277299317060298,1.3964428858421285,0.5583455591969245,20.229931646529085,0.5317657656250521,4.533606011154574,0.8092253457195799,0.9215804043115082,0.5223599956049637,0.1522965817753254,0.5099810901491864
Gm1,50.0,6.46569605144358,5.137358301644756,40.20966852511656,10.198408097791084,3.623708624933789,0.7219717810758561,0.7594748350474865,0.6457538623911249,0.1046197278713061,0.6178930376298802,0.67656793397548,0.2466375202682511,0.0330661003088818,1.0920209860391703,0.0307112572250433,1.4262794963541034,0.5615237415413638,20.305250570631028,0.5296057377814098,4.196577587340925,0.9407807143038308,0.9155338353884184,0.5284097267632939,0.1571504896404616,0.5453927702729843
Gm2,50.0,6.398748082032857,6.589190113266101,40.987299993133895,10.08571841628792,3.40510835712338,0.7104964706832005,0.7463727651621492,0.6193784129275204,0.4048180782458828,0.5782999770005309,0.645210176412351,0.0803917458752559,0.0156099867088876,0.7317084414015825,0.0008096521611109,0.996296120077522,0.5272423440708048,19.59099103657719,0.4234186960268171,6.196888326984017,0.3923017862820843,0.998389342179036,0.4226035991873648,0.0803005622571112,0.2550978669422788
Dr5g15,50.0,6.453047942094951,4.070735897035222,39.581978779486704,10.22768654387692,3.6329656868132014,0.7229294193619856,0.7612498332657559,0.610934029322845,0.0755119891209029,0.6378833755598148,0.6956314091970145,0.3007900147901175,0.0353043957931874,1.0941597766857178,0.0618498318575376,1.4065194750357524,0.5792133871039189,20.959290500691164,0.5701142943742321,3.182900194821471,0.8878357022137517,0.8942018513624258,0.5516569873615453,0.2805576869564972,0.680148339172764
Dr3g1,50.0,6.411150267121583,5.683132403004545,40.65009116793037,10.087615172802607,3.4349454419833605,0.7140630943431053,0.7503992979419023,0.613735180843594,0.1576588886427036,0.5901166341755977,0.6531142698993386,0.0938923357406892,0.0173099585747444,0.771235078711124,0.0299598692303957,0.9443365811184044,0.5314468946853299,20.01635038561728,0.4447021693565455,5.222503585144192,0.460628817860352,0.9844704347148968,0.4436557539713138,0.0967186243494475,0.3035503285370279
Dr3ss,50.0,6.440928080005866,4.391754501186912,38.628825244837046,10.102491405926084,3.8664705717118633,0.7184241542344988,0.7680994434536369,0.6520487636948299,0.0796705668105631,0.6306679033553777,0.7047263035251932,0.3429359007151359,0.039087530497489,1.2594412190614597,0.0280416813148201,1.4558805288130818,0.587584083045001,21.030221414491884,0.5732404389728378,3.071158417880338,1.3205960833065735,0.8740433010843185,0.5628050073846789,0.2751264926890566,0.7293704894174027
Dr4g2,50.0,6.477742293739909,4.9507241981465056,40.609669772636565,10.257599011049969,3.640315215985591,0.7241216251924795,0.7619220162768263,0.6503761350449334,0.0915670533352243,0.6251694112186074,0.685407985958422,0.2822207984360947,0.033738546542523,1.119233542056831,0.0354903253179928,1.5222568669432648,0.5823747793372385,20.263709200468625,0.5430478859112368,3.980226358673785,0.9704978394727204,0.9077968347977756,0.5404464155871834,0.2925742916481514,0.6627601018585559
Tr2g05,50.0,6.469331078399279,5.193666560826582,40.20724846173534,10.083255280052098,3.548589054220888,0.7220470150780663,0.7588633467702351,0.6367840583465084,0.1086377673446304,0.615820085257111,0.6750190842956687,0.199304477862751,0.0292183268801325,1.0133490148123092,0.0241280695845831,1.4353210067216522,0.5629690067027084,20.411736617285023,0.5187661280496388,4.442739154771038,0.7509274060555446,0.9347237613307764,0.5093702688253563,0.1847550655601903,0.5393446345598485
Tr15,50.0,6.424549139658309,5.665820228125291,40.22541063958624,10.110894557672305,3.506475412021158,0.7190324358186528,0.7545910381485348,0.6342508530961877,0.1305388588865791,0.6016591870233856,0.6619154888318388,0.1385182328498176,0.0207060726732676,0.8262686531239517,0.022958265972324,1.1720317296181684,0.5414628138488858,20.346917791279107,0.4683325750260123,5.0360919921623575,0.6297282359629336,0.95832572133869,0.4797391502986156,0.1101900491654856,0.3843235569974716
Big96d,50.0,6.42173657226927,4.777445624497601,38.78171363474224,9.880268586987382,3.499570674672495,0.7290389421493028,0.767099160895339,0.6414254322674369,0.0882406893988984,0.6350183531626495,0.693707576476582,0.2851581494783636,0.0344440020163904,1.148217156998827,0.0243824932953887,1.4461277735131812,0.5807303395511647,21.31308321696871,0.5589311431430274,3.819321869840902,0.9581237546567,0.9101119429864726,0.5479659413121325,0.2470445991630867,0.6622832786832766
Big128,50.0,6.341165697486846,3.3580734203435214,37.963025594777605,10.40923650897938,3.916639695927837,0.7107404487075981,0.7574245413204963,0.5610519561629743,0.060053255724492,0.6409646660760494,0.7088822793572989,0.3799904389265716,0.0327125088084308,1.07199917448844,0.0984550543252121,1.450695307835458,0.6068980913912524,22.13984020066676,0.6147652233418062,1.9114769863522807,1.4465964339912407,0.809377186334413,0.612103711080783,0.4537168360938204,0.9257248806428532
Sir4,50.0,6.408603803674778,3.777919578374372,37.10350026289147,9.730988537277357,4.00955874758775,0.7056707983094226,0.760904171720282,0.5725476106063684,0.0645053996838641,0.6293318157427624,0.7090712562828715,0.3662713652671149,0.0323451543899441,1.1314134070613235,0.0822831776634785,1.4305646527183775,0.6027285744868586,21.884911081116098,0.5976087005932951,2.2131926261303416,1.5647269522440297,0.8044570580573988,0.6068845385614461,0.4676556500526004,0.903178485042432
Sir3,50.0,6.35097334311748,4.066433383729522,36.13660335419333,9.910451479855704,3.7327037505680862,0.7104816406469057,0.7620742948456758,0.5793408551776345,0.0962130636008154,0.6308735014567057,0.7104527450189925,0.3623922651783345,0.0341889419886408,1.1532799513176166,0.0696341810257626,1.4592578395084923,0.6135727794705579,22.63266257534807,0.5874663511717478,2.213431467676719,1.8530019160528028,0.8022083454254131,0.6187549358683984,0.4695189461464055,0.9789430709041248
Big96,50.0,6.488428891429051,4.800735066410096,40.36741085985575,10.355618710391813,3.700415846178296,0.7201698321237506,0.7600488501809677,0.647991428855395,0.0966488683725056,0.6188844323673978,0.6842750267189348,0.2693211388046668,0.0345104830118497,1.1126522091892064,0.0466045174837473,1.4970821834548445,0.5753469415235428,20.312862838743182,0.5384370757931978,3.8820604192755055,0.918674647134589,0.9091961891226156,0.5311434751248859,0.2356923038769559,0.6362780106321586
Sir2,50.0,6.484091756144569,3.670889704598768,39.707351119228974,10.691796312748476,4.061002595821638,0.701302630745219,0.7578124909983337,0.5190655644392198,0.0523276849862887,0.6049331757742062,0.68253304600456,0.2139423290166809,0.0206464489349554,0.8532912697382734,0.1389010374450086,1.3254303329758297,0.5763247518417722,20.84889088020594,0.549722803515314,3.019731809075563,0.6511578955232045,0.8858040260468064,0.5168012354436317,0.3065882022441035,0.6322899138217332
Sir1,50.0,6.481993390334819,3.9256799834990375,39.954031315812266,10.251733282372788,3.8404408297157455,0.7173490777442454,0.7645049628922994,0.6058524225805461,0.063904538710066,0.6361020758334535,0.7089758900296388,0.3889804546964885,0.0334652377281136,1.1415922801627492,0.0882375338646114,1.5856811527006425,0.6090212886665978,20.63561653664068,0.5845789138430707,2.8882564775300392,1.0374235059689978,0.8699497596274859,0.5647483958610049,0.4638599137935807,0.8287599381655096
W96det,50.0,6.448848496153329,5.059997870028008,40.1662043141744,10.219303351428511,3.5959997119861,0.7247176637141165,0.7627350705790255,0.6424100393500594,0.0997787696457206,0.6252708800059028,0.6838990230895984,0.2496571169687838,0.0338721762354337,1.1205947635061435,0.0321742459053943,1.4731146968039155,0.5705459464028926,20.48491486680125,0.5389439375843218,4.153386438008751,0.9066114320192574,0.9180525138593478,0.531382813568885,0.2127159351850299,0.5854938824744902
W96L,50.0,6.458510312263631,5.200201579397717,39.8770815247541,10.126978405685808,3.5995114531188124,0.7236357755713051,0.7615421183156684,0.6460415783692492,0.1058207505936641,0.620685821144175,0.680654873569991,0.249672924148595,0.0326290229203007,1.0905585302945682,0.0255236859285739,1.4683391526313847,0.568969368084361,20.57512786629117,0.5336349632556961,4.286275410709638,0.9139261686880786,0.9163513713917892,0.530920179750821,0.1952757133961275,0.5741574907519315
W128,50.0,6.451955761215562,5.016199802020685,40.28039348936824,10.126167278499093,3.572462384734621,0.7224239552331047,0.758427947831562,0.6247573287682702,0.0977601033301178,0.6173963637236239,0.67304520811611,0.2065311577871934,0.0283601865996768,0.9871459565124526,0.0330595968956631,1.3729047982184328,0.5545806030205613,20.321945047561044,0.5265124950537173,4.308548746682062,0.7076510553386232,0.9306223984728764,0.5142255119933328,0.1161108134962404,0.4866018527566952
IRssgr,50.0,6.547311275749081,5.661878144930033,40.65025689889369,10.37063428806336,3.81901043820066,0.7108349637103072,0.7600652214160932,0.6818152607908828,0.1793288384348898,0.6238245405139543,0.7031101874702617,0.4664694510986248,0.0782530338796964,1.716912648830946,0.0298551755708704,1.598089544276326,0.6063779841831358,19.66602593733813,0.5756948604546694,4.057339790707846,1.604538354222187,0.867567537612097,0.5541023898085174,0.4568867871473126,0.8133502212705132
IRdet,50.0,6.5123165133677965,4.99520512902721,40.21859237769485,10.200877004497078,3.763485977886467,0.7166423268305188,0.7637888652446025,0.6664906850476828,0.099153378307888,0.6296801978908789,0.7062672512580614,0.4214099499807758,0.0479685796964829,1.436375401574559,0.0424110123456692,1.626825822391922,0.6074590360662335,20.09063070354873,0.578520536464548,3.627547263093823,1.3676578659333865,0.8716614268695428,0.5616232267914945,0.4261563555764378,0.8247830600950781
IRintg,50.0,6.486721892806416,4.324720724944404,39.59032825550261,10.129755223462702,3.752729132047585,0.7191036756015557,0.7650744475057628,0.6347853466029634,0.0729369325660415,0.6389113909219639,0.712782677331543,0.4366664256041316,0.0428600555717264,1.3851497373705135,0.0640067690462246,1.5700844998465815,0.6097463459485574,20.50058140089486,0.5933274741454491,3.0440430246775607,1.2806777002668437,0.8678184404927137,0.5703889107103979,0.4734541886574221,0.8433809756187993
IF4g4,50.0,6.538685428182842,5.278262139648592,40.53844499405841,10.257527600168949,3.803465751162996,0.7142214061820359,0.7613971920410578,0.6737653685408056,0.1169140054654592,0.628813564189063,0.7057027808260041,0.4628741685606454,0.0577751018844189,1.6075291459692038,0.0437637456771968,1.6073653777747663,0.6084351606664867,19.85871817044436,0.5820909366692254,3.7160174089252616,1.5622447307233307,0.8654588823778683,0.5629839299862036,0.4601895592872519,0.8275316786466271
IF3g4,50.0,6.506615216775069,4.450127357383358,39.57211344918017,10.09691588392161,3.784252364398111,0.716395563997406,0.7640936844317148,0.6421466447903584,0.0746990530172101,0.6336662450787379,0.7107901878211078,0.4388942715235721,0.0427250928734275,1.4064820369251116,0.062827380610118,1.584858039263053,0.6109441995799034,20.37627107170882,0.5875733203361216,3.1009949000821653,1.3491324573011918,0.8654186488587087,0.5673724791361033,0.4744703476175232,0.8485772948318133
IF5g4,50.0,6.543112709186755,5.514554397620652,40.60905649185302,10.391273031182402,3.819029563517693,0.713253358729893,0.7613237345888973,0.6824725642010689,0.1335668733054101,0.6260232392432293,0.7044983635759579,0.4560843303917586,0.0609033212853821,1.6220840338461369,0.0362435479979646,1.6166992555345088,0.6074731719526774,19.75882653982723,0.5764663251405352,3.936494515883619,1.5780598817370337,0.8681624886592558,0.55834422880053,0.448978736459024,0.8200615428371001
IF4g45,50.0,6.535758096328404,5.300254971836759,40.47194974363634,10.280161197219863,3.802549113907598,0.7130169143351891,0.7613024177341409,0.6751371241669157,0.1185680564779132,0.6268022515193313,0.7052986184972555,0.4589754830854721,0.0581773677500822,1.597470181390099,0.0394568830497678,1.5980114930861735,0.6074107435437558,19.822061117035595,0.5779480973973266,3.773270113291111,1.526984858545648,0.8676849001753588,0.5583489284950192,0.4622228276195562,0.8240675849618959
SD8s3,50.0,6.540432457011515,5.176620098626716,40.22264458700126,10.143709078655618,3.778445408410194,0.7129664874585209,0.7612006526338726,0.6687628870337009,0.1023256454385282,0.6272657412399132,0.7053207474621811,0.4565124688796196,0.0536368433522749,1.578936693047611,0.042537141105624,1.579451194639936,0.6067048544221348,19.89693505139959,0.5788261815560836,3.732520164733204,1.4440999338935108,0.8685922603578046,0.5573407145592372,0.4625387817334369,0.8193745060778335
SD10,50.0,6.5495778981726245,5.291011153855615,40.528204275827086,10.248745489651853,3.833117150335172,0.7120708751045507,0.7594377703585988,0.6667682217080798,0.135139497341491,0.62856826543053,0.7045764704577141,0.4763217123213545,0.0620257642362676,1.6841491538489086,0.0497701426827615,1.585646797554792,0.6076187382530089,19.8670501171545,0.5865097073583484,3.4693583797326,1.821652774123014,0.8554227227257667,0.5687190274833346,0.4655703620888821,0.8303884237372594
SD6g4,50.0,6.539202043837897,5.263332563758739,40.50775718281172,10.354420562825208,3.808418963648731,0.713423604983251,0.7611140227357636,0.6740589255053823,0.1085821908060842,0.6269465298824315,0.7045055180274877,0.4550358860335158,0.0545115366601333,1.5802070529073546,0.0427264302957793,1.6038861573256389,0.6071974783773263,19.822105780170403,0.5783726050848886,3.798114255694847,1.465218308063892,0.8692905443362109,0.5575566656302908,0.4562808833766608,0.81901551250213
SD8g4,50.0,6.539547612337716,5.346866154499896,40.60148104095085,10.314346550505888,3.827996600570542,0.7130824949316774,0.7601736721443636,0.6721232426235784,0.1326026200498331,0.6288903611028418,0.7048774582288844,0.4743959090947246,0.0623640009234495,1.6754724419690776,0.0458369589067838,1.5952754658040904,0.6079713068052541,19.84395529071816,0.5848350147235131,3.592180837699183,1.7546853168007135,0.8592467626523639,0.5669182272109908,0.4633094436813662,0.830504991199553
D4,50.0,6.537829567057659,5.052884582901466,40.98929710064094,10.517141870471066,3.8576292520245015,0.7123243033942548,0.7590506240524489,0.6642790742620552,0.1082387405398799,0.6285429433979273,0.7025327543652939,0.4617481138321346,0.0562716875936134,1.5965895571634487,0.0644089401429864,1.613431051268895,0.6068203258361924,19.833229645117854,0.5845296637174031,3.383014775419913,1.6698698074815528,0.8562560774850101,0.5683925293034994,0.4476430486332169,0.8389323934474997
D5,50.0,6.529002540657863,5.173940536941975,40.42454371047288,10.310210893178894,3.818787267763528,0.7138779272117671,0.7614512984915183,0.6690433547087329,0.108594055797781,0.6261983361291087,0.7033237206423196,0.4373329776715737,0.0528510988278029,1.5281740046228434,0.050033072882714,1.5854969640928454,0.6047360011962872,19.93030524668433,0.5770626444825981,3.6433270889968377,1.5306134479451368,0.866448960146337,0.561306894277197,0.4352276573483569,0.8200112845587406
D3,50.0,6.525493814111087,5.343745136079052,40.57603645313902,10.276613800198096,3.781356907834113,0.7145289047572948,0.7622963723124405,0.6744816485594872,0.1271099766760937,0.6268969099391049,0.7045502182121045,0.4361976066464164,0.0552399335190793,1.554935985526931,0.0399396626342036,1.6330537324492551,0.6074905523424868,19.828508838267133,0.576898331368344,3.886769696976456,1.4569754391025975,0.8708168519776943,0.5582409575368952,0.4354368714853338,0.826206588026125
INN3,50.0,6.447800587395829,5.113318151934863,40.12011865436746,10.13750847871316,3.550664870418708,0.7247958761903791,0.761612431201618,0.6373654983972391,0.1019735578744228,0.6217695759308257,0.680218985364997,0.2234339902685292,0.0307170039327158,1.0350688986295042,0.0221082630969474,1.456552654776725,0.5634726246750872,20.461253868943505,0.5316876038220909,4.320998200353549,0.7923199515813134,0.9277354270548857,0.5218563253258727,0.1636753921526938,0.5565671909917248
INN5,50.0,6.461630799334483,4.810595701163303,39.82069339965977,10.13682724478452,3.627350522023241,0.725169529892784,0.7657435093976424,0.6546225888494055,0.0905359368497316,0.6301608967189828,0.6972529425169526,0.3325996033326236,0.0357030669859797,1.167305147446254,0.0253001075092905,1.5281501101433148,0.5891699830832176,20.58086490811054,0.5606521029915472,3.6558171476354153,1.1547785535278887,0.890148290125802,0.5601907696597662,0.3229720545032152,0.7218452258639892
INN4i,50.0,6.410189920175558,4.570958358705704,38.95564072444655,10.004363785819251,3.5206122931846187,0.7272731930189178,0.7693728224393197,0.6372605468667917,0.0856543264697009,0.6345344066729545,0.70154001515282,0.2745255514388717,0.0327961517484988,1.07116583463257,0.0262663263384606,1.454667123381906,0.5763324234554069,21.01473237846496,0.5503092604869515,3.5912765454587907,0.9796818132469136,0.9036016613312948,0.5509447247065404,0.2098940444864552,0.6418089293559681
abDeep,50.0,6.429548740783223,4.899985117879735,39.81868857527644,10.087344486555825,3.5673754094344696,0.7239591983817167,0.7620286181482322,0.6175056014044241,0.0958408332728013,0.6186872194877038,0.6787485776369667,0.197936302688548,0.0270970456574407,0.955897700610796,0.0311781920756048,1.4748572343528084,0.5653589566538082,20.85520894018542,0.5245933920610236,4.225246142582795,0.6747389752969394,0.9371791435562526,0.5107392532071808,0.1948774031046846,0.5166057688141756
abOrig,50.0,5.781958438361015,2.290151479582926,21.784855976329485,5.695141982559615,2.3151376539811763,0.7331975776934011,0.7945416198025805,0.3186389734921578,0.0459437365491737,0.720598240006414,0.7890346904586459,0.2847879582636254,0.0369629339895074,0.8923485776074912,0.0088397914210298,1.2273287151619972,0.6691858844607053,36.66532563109868,0.8139856551858154,1.591443319035469,0.6987081605474565,0.7946556423217799,0.6717395130650224,0.4565822904420071,1.1164634810903502
abDirect,50.0,5.508873585534535,3.5517523652228067,22.8247728423682,5.9841137546216405,2.1943435873513617,0.5596170647718831,0.7511671189028862,0.3770935819492035,0.0610586802396664,0.4880534934680121,0.7212436053754105,0.1751392102183015,0.0293875560209562,0.9453324707289318,0.0038275045920851,0.9197630787276772,0.5930028387566132,18.101112759496235,0.5654991387403127,2.745275318153052,0.806477047069754,0.7016584010632896,0.4175757284804767,0.2803791674999034,0.6718462518812024
abNoMoE,50.0,6.461037612433016,5.464218688755353,40.71183971076165,10.168546958291191,3.552925417116244,0.7214239457413326,0.7575906008643575,0.6282840014343708,0.1354302841845157,0.6114089486792474,0.6694393570373548,0.170750387870273,0.0265694496367773,0.9412192935662824,0.0221828706513485,1.4397738577737482,0.5562673430628395,20.329619551761063,0.5078770413893094,4.797948404066884,0.6662702846884696,0.9428603966239372,0.499987494858728,0.1606952156817891,0.4678422469421706
abD3,50.0,6.409791502365341,5.232348365339269,40.053099421377134,9.99324383506976,3.467841600439803,0.7220942869031028,0.7574284890853628,0.6091190983303152,0.1157542153699202,0.6083001968695232,0.6654871297136331,0.1350139359231963,0.0209012766003935,0.8041876084928055,0.0190685142952246,1.3137197696872414,0.5455887340084531,20.564050093155,0.4938117569574621,4.72024484463855,0.5121035207007192,0.9621452543887956,0.4820433194174101,0.095146159727506,0.3859183061909077
abNoTC,50.0,6.404549856545599,5.999600240843997,40.68334815516972,10.038922931562052,3.4207776292839327,0.7147052344689528,0.7500673743264609,0.6120524501658153,0.1908045794538783,0.5921735155057454,0.6523751617365144,0.0903904196061182,0.017981019899024,0.7728069696795058,0.0100911525681235,1.172217443238126,0.5323588747633022,19.88353274511278,0.4568188149695358,5.564119529666081,0.4354807111779172,0.9846256151311124,0.4447848538067932,0.0797425833188918,0.2885192162383093
abWs1,50.0,6.187618446163913,2.756053014322569,30.52001679470888,9.419803989969946,4.073212274516148,0.7000440941067798,0.7725444947128369,0.4798929345571979,0.0482101810133603,0.6603817171690741,0.7504164533242281,0.3772874454379898,0.0338445591475978,1.0180427636446538,0.0956242016882903,1.3570387371155528,0.6246422262751663,26.733591859548746,0.6818779564064689,1.5886425788155225,1.1674104355070476,0.7658470743357971,0.6342411138777625,0.5269816239000216,1.0401770248013116
hpNr8,50.0,6.402044047759048,6.368228397214423,40.91911935992528,10.08342235333276,3.415194922254096,0.7122322182323931,0.7480205716432491,0.6162386153770805,0.329328491542914,0.5846328720681029,0.6483441077055042,0.0830163064531214,0.0168619180417007,0.7577734097978815,0.003021342562124,1.085266045748516,0.5291600404427758,19.66671557122657,0.4356938491026735,5.955445360755082,0.4127830364593414,0.9929988962925488,0.4314655401722373,0.0788171514628399,0.2682957232633699
abNoMoE_direct,50.0,5.639548845822796,3.942311591187748,26.89726070454105,6.6280045361083,2.3278036709002343,0.6009462137288122,0.7570830767941434,0.4613966225713617,0.0664212621926592,0.5222084458736642,0.7123643817863354,0.1093233622626774,0.0264102429566192,0.9387552626417408,0.0056137962280725,0.9604252680998931,0.5698785125275897,19.646515351609875,0.5539635098039564,3.2450134144958698,0.6972981766918775,0.7638071424148323,0.4380852850427918,0.1999791300699578,0.5180308331740325
hpNr16,50.0,6.436608227946916,4.463541510884443,39.48849439301114,10.03755491779952,3.549364161477804,0.7261267963828221,0.7625509031920005,0.6196726587672079,0.0859272409371222,0.6270456000142627,0.6829161766707911,0.233480026133229,0.0312692236727167,1.025660501778578,0.0357503284214928,1.4067707068302542,0.5652915655290905,20.85268910997619,0.5434294965530629,3.7044079731347055,0.759133537749739,0.9251960213480764,0.5270575714175676,0.1563049545223463,0.5676649000148395
abDirect_orig,50.0,4.781725202540101,3.304500696373001,17.164154782783378,4.17986998988172,1.493652878732686,0.5968100492437324,0.7376225157936435,0.1285248110004692,0.0490190780175382,0.5625135674059265,0.72206938997796,0.0599027289221184,0.0205940769368081,0.7694478951215002,0.0023442575814117,0.6392845229883747,0.5430733299678535,24.120854378883383,0.6806066597194473,2.819474242588388,0.4850264537846134,0.6937119431134003,0.4999081553740642,0.1121140754790808,0.4048436394776352
hpNs0,50.0,6.471114211908657,4.827177205368688,39.987297275434045,10.14423452871564,3.622340399866511,0.7213456782378219,0.7590274667223285,0.6292142934217805,0.0960092773700202,0.6178729290111264,0.6769720511534781,0.2184872662159562,0.0295002981411888,0.9923885125342212,0.0370497811597703,1.415490860909552,0.5639756119629336,20.487156625165586,0.5275102429851559,4.091504511355304,0.7356726940133846,0.9260628290188886,0.5166285274567551,0.1697569335967327,0.5609859421122159
hpK1,50.0,6.451959701338442,4.344534202210888,39.470604920300325,10.132665881724812,3.642292209163908,0.726715311687296,0.7688468184099644,0.6359722849917706,0.0780793639631539,0.6470556322122522,0.7137937943922856,0.4042544132136343,0.0409651380166311,1.2920939366419628,0.0459443939062686,1.5761110736232091,0.6022644829400712,20.88447540206572,0.5924608906327563,3.186066053170334,1.1584681490405535,0.8779872227105724,0.5754434006640193,0.3845522275093341,0.8094400847324112
abWs1_orig,50.0,5.522413102407959,2.13766396028703,17.77392901780607,4.836952747584106,2.1027399976640115,0.7269731092160608,0.7960034067393618,0.2787229846161327,0.0471180659551284,0.7200714799993877,0.7880942935514337,0.1819037493502687,0.0390630321362188,0.9618862465623024,0.0048160318825752,1.2516919690651955,0.7050980665625388,27.815467447105103,0.8486142950038628,1.0912637852862626,1.0464001750007674,0.673871160563877,0.7800750578682449,0.7436504443924526,1.7143905621664908
hpNr4,50.0,6.424891004244012,4.382475050595626,40.492237206451065,10.254374869879785,3.679128293684625,0.7241323440186095,0.758566484111511,0.6349651531410039,0.09268570030131,0.6235760006987762,0.6763457327003164,0.2806107843751357,0.0334810258523137,1.0438458684046417,0.0422164236251473,1.3596251788477909,0.5642234628876769,20.517052078556944,0.5520228302259883,3.3608600924959893,1.021614958099636,0.8989434487549185,0.5493212392823004,0.1474199165538231,0.5621306114413872
hpD2,50.0,6.4182778867296015,5.595129689596911,40.06831229619272,10.011431088543995,3.4487149753366526,0.7200639206330152,0.758004431784702,0.6194627959705605,0.1314443087372214,0.6074268033537475,0.669108067737329,0.1301605080988792,0.0227816052879119,0.8763375774211862,0.0205988167425746,1.376581551111424,0.5502042600363187,20.585382410071404,0.4857125435120197,5.024623951349234,0.5705057382476759,0.9640878392511136,0.4760400020149166,0.1365690999695627,0.4178718777513206
hpOc64,50.0,6.390673544761577,5.046957325913215,40.03026365678947,10.038732581593282,3.494509337885753,0.7235097899186127,0.7572883446921675,0.6151224143365861,0.1033313896691725,0.6166665693225577,0.6685723055722399,0.1754219820644567,0.0268451601874277,0.9385367635888158,0.0274667499776897,1.220747593618433,0.5422083844051752,20.386880320290665,0.5214192918278099,4.40131718891124,0.6456401370019759,0.9450861033913588,0.5019334764458666,0.0690061698104738,0.3729357185069399
hpWs4,50.0,6.467855225450054,4.799759015515001,40.52450863991047,10.220967413082668,3.64171675561242,0.7212616976674431,0.7564624209051299,0.6372637029052047,0.0997413767205517,0.6184459287486108,0.6714904533794891,0.2507800528349481,0.0336726517398209,1.0630647818035446,0.0427836833700181,1.2724055854424694,0.553580081064327,20.18140008572755,0.5335110903774969,3.9009214071339087,0.8988376083810917,0.9144302044880864,0.5280931908467995,0.1114442079645856,0.505127783272971
hpAux001,50.0,6.464284098181151,5.237548997738489,40.414797847141614,10.12315544210984,3.567378777767015,0.7228325370642166,0.75932107632229,0.6285512927929878,0.1275482413139322,0.6167357731101281,0.6748361739201825,0.2027712112612664,0.0274679478214943,0.9494497237234628,0.0257346853185599,1.4494593944539802,0.5604331311555651,20.387323574811884,0.5216633895729137,4.560215022157993,0.6773339755804949,0.9352035746347958,0.5104614994936374,0.1587838123933694,0.5174364105711203
hpNs2,50.0,6.430106782399762,5.599007754561368,40.86750321440825,10.064990715828229,3.454583800574708,0.7172694684459162,0.7547733636429919,0.6129981118294636,0.1768465470537642,0.6011112237854715,0.6632263871047919,0.1131511655257115,0.0215871006745422,0.8295748535177294,0.0137040012731705,1.432057738572637,0.55076035067599,20.21487896842976,0.4739643126153943,5.111094380416864,0.4879133741445046,0.9724248891196442,0.462114047772188,0.1662667438432382,0.4057313525360561
hpOc128,50.0,6.4495793353200375,4.296112151276012,37.87839622241138,9.800639726663915,3.5381839386951857,0.7233609904439428,0.7645744299105205,0.6297242814301367,0.0808863227484358,0.6301103646726937,0.6963313478741158,0.2911836775884347,0.0340234048132585,1.1001296808528285,0.0290966979766954,1.37459989366643,0.57570265509801,21.28640207356321,0.5579329008648183,3.3880513703916444,0.9080607808843668,0.9026695887359129,0.5440523921519724,0.2001900914384354,0.6547253643076222
hpWs16,50.0,6.455214984344389,5.223924105210526,39.5439673483039,10.103865179568936,3.653512580174348,0.721592426516808,0.7639951728986383,0.6470368281211526,0.1614110328258345,0.6183538625553946,0.693076002252676,0.3047659694851363,0.030935893559707,1.036459914080035,0.0203133337128006,1.4841482770722458,0.5901944135883597,21.064782355631177,0.5438275299878997,4.214604197412021,1.0093199077985051,0.8996723820292886,0.5435124710043273,0.3261478810997241,0.6959332811853006
hpD5,50.0,6.290667452294677,3.4401528332958287,34.11497876227147,9.293110745680291,3.3714290829976563,0.7322151239317956,0.7797080847857772,0.587605922606266,0.060991352112403,0.671977643997345,0.7416678125396186,0.3944013861693408,0.0379337779228034,1.1415612163868432,0.0339249402763159,1.4830851204844373,0.6222701664726258,24.23438019055396,0.6400118568929198,2.5358781428892616,0.9042746904065668,0.8722405721004902,0.5921896757631009,0.4367072152302843,0.9246180238883808
hpAux1,50.0,6.433211527475273,3.860956617962556,39.71800073244566,10.1881360155626,3.680575767801897,0.7222691505383771,0.7602858333247934,0.6171787281656183,0.0767955249338167,0.6310696920927867,0.6902224810932824,0.2790256769497407,0.0341053137951631,1.03524124461621,0.0555092402888372,1.41080929352464,0.5725175337438729,20.79259514622911,0.5619013112959034,2.960449126882084,0.9005074910804725,0.8971762104420283,0.5473620906347261,0.1719207553187047,0.6461856338116481
hpK4,50.0,6.4244922417556,4.356699154804259,40.38123374083112,10.157852317851772,3.5864212657830365,0.7281937810085478,0.7627086909103004,0.6247455726578038,0.0864089453388184,0.6284818924060913,0.6828744796222829,0.2358074663180528,0.0303020534315201,0.9756731973465824,0.035028542399276,1.4839670842998496,0.5733624235853632,20.65327427558967,0.5446221613538202,3.5860137798056453,0.7706853749986144,0.9220858315888312,0.5343017304282646,0.2315690666838113,0.5981617943322157
EMMA,50.0,6.620725476278244,4.172794459011417,43.047976422654486,10.992589739483394,4.117878644003724,0.7161907296094645,0.759125230739332,0.6345673987040905,0.0731871789671926,0.6298568305794103,0.6927955564037501,0.388361378516374,0.0359065508450277,1.1265495493166915,0.1280111476871033,1.653359811428058,0.6032756454490049,19.928814277868515,0.5744425865305118,3.2509907499553337,0.9218037090560836,0.8851838697104458,0.5471975895084836,0.4170354136430414,0.7534087602643287
GIFNet,50.0,5.813024956237112,1.9385436781859238,31.672388726677106,12.127378499073393,3.525971992038098,0.718075091379466,0.7928794910792877,0.4102777747154298,0.03574964187195819,0.7035050292048617,0.7850447646167916,0.34494462322723946,0.03211675356644049,0.792363325164726,0.12753187725782977,1.4114814172438732,0.6356270875427792,26.34076269673622,0.8041153430098045,1.3287764192810585,0.6097672589048656,0.7871657149357696,0.6489844678231623,0.3881950296775534,1.0611437240615744
